bin,n,mean_pred,empirical,edge_lo,edge_hi
1,55,0.0013485223,0.03636363636363636,-0.001,0.002290212083607912
2,55,0.0040261424,0.03636363636363636,0.002290212083607912,0.007428327109664679
3,56,0.019648863,0.07142857142857142,0.007428327109664679,0.05030703544616705
4,54,0.15314348,0.2777777777777778,0.05030703544616705,0.3564329445362091
5,56,0.65487325,0.42857142857142855,0.3564329445362091,1.001
