bin,n,mean_pred,empirical,edge_lo,edge_hi
1,19,0.0020650455,0.05263157894736842,-0.001,0.0032450696919113396
2,18,0.0049259653,0.0,0.0032450696919113396,0.00830501466989517
3,18,0.026653431,0.0,0.00830501466989517,0.0700249627232552
4,18,0.16168398,0.1111111111111111,0.0700249627232552,0.3035908818244932
5,19,0.56010294,0.3684210526315789,0.3035908818244932,1.001
